{"acc_stats": [0.5180625, 0.11098115385242968], "topk_acc_stats": [0.648425, 0.0714364184082601], "topk": 4, "entropys": [0.9206952403993207, 0.17185951466635474, 0.5489335042900776, 0.9387792886449079, 0.5028801810904562, 0.6850176829464354, 0.9406695018826321, 0.9145129474698485, 1.069574083020935, 0.4641292758980139, 0.9833039775836486, 0.3089344290594056, 0.8627743866861836, 0.5685901500245876, 0.8953076333281768, 0.476683724546515, 1.2221789604350013, 0.5033358807019304, 0.8827546477613935, 0.8621296367133142, 0.7541980302504921, 0.6840534586328134, 1.0419737967819396, 0.876388719722146], "acc": [0.6055, 0.3281, 0.418, 0.4062, 0.457, 0.4375, 0.6367, 0.4492, 0.6289, 0.5352, 0.5586, 0.3281, 0.5938, 0.3633, 0.6523, 0.3984, 0.7578, 0.5195, 0.4805, 0.5977, 0.5859, 0.5, 0.6484, 0.5469], "ckpt": "experiment/agnews/true_agnews_4_shot_gpt2_seed1.pkl", "ckpt_gen": "experiment/agnews/fake_agnews_4_shot_gpt2_seed1.pkl", "pearsonr_corr": [0.7769862920783822, 7.986192263537386e-06], "spearmanr_corr": [0.7101543981751425, 0.00010122828422759921]}