{"acc_stats": [0.46290416666666667, 0.10164336131447817], "topk_acc_stats": [0.5732499999999999, 0.0772324575550979], "topk": 4, "entropys": [0.580015965459914, 0.8915196413160542, 0.9723604028203501, 0.3471182443526959, 1.0773101674622114, 1.0128060227462896, 0.7166556758691209, 1.0418562394820268, 0.3462891888411342, 1.10132087364955, 1.0023732870217823, 0.7076669558489754, 1.062528925875254, 0.8036077534941072, 0.5834949835972053, 0.679503258140711, 0.46891232430798613, 1.356980821964031, 0.3226653807003587, 0.5769323802477139, 1.271124741216491, 0.938616503618511, 1.0369620705564682, 0.7396234200492386], "acc": [0.3711, 0.4727, 0.5078, 0.3828, 0.5547, 0.4727, 0.3438, 0.4609, 0.3125, 0.4648, 0.5938, 0.3984, 0.543, 0.3711, 0.3125, 0.4453, 0.4102, 0.5938, 0.293, 0.4688, 0.6797, 0.5469, 0.6133, 0.4961], "ckpt": "experiment/agnews/true_agnews_4_shot_gpt2_seed2.pkl", "ckpt_gen": "experiment/agnews/fake_agnews_4_shot_gpt2_seed2.pkl", "pearsonr_corr": [0.829606191312972, 5.382430205667115e-07], "spearmanr_corr": [0.781114308016149, 6.639724566465699e-06]}